"Row ID","Financial Year",Agency,"Appropriation Type",Actual,Estimate
1,2015-16,"DEPARTMENT OF COURTS","Provision of outputs (section 29 of the Financial Management  Act 1994 applies) ",295262000,295262000
2,2015-16,"DEPARTMENT OF COURTS","Additions to the net asset base (section 29 of the Financial Management Act 1994 applies)",2528000,47605000
3,2015-16,"DEPARTMENT OF ECONOMIC DEVELOPMENT, JOBS, TRANSPORT AND RESOURCES"," Provision of outputs (section 29 of the Financial Management Act 1994 applies) ",6411183000,6479734000
4,2015-16,"DEPARTMENT OF ECONOMIC DEVELOPMENT, JOBS, TRANSPORT AND RESOURCES","Additions to the net asset base (section 29 of the Financial Management Act 1994 applies) ",1951383000,1808391000
5,2015-16,"DEPARTMENT OF ECONOMIC DEVELOPMENT, JOBS, TRANSPORT AND RESOURCES","Payments made on behalf of the State",64538000,66767000
6,2015-16,"DEPARTMENT OF ECONOMIC DEVELOPMENT, JOBS, TRANSPORT AND RESOURCES","Payment to Regional Growth Fund pursuant to section 4 of the Regional Growth Fund Act 2011",121377000,125000000
7,2015-16,"DEPARTMENT OF EDUCATION AND TRAINING","Provision of outputs (section 29 of the Financial Management Act 1994 applies) ",10211944000,10840317000
8,2015-16,"DEPARTMENT OF ENVIRONMENT, LAND, WATER AND PLANNING","Provision of outputs (section 29 of the Financial Management Act 1994 applies)",1118297000,996730000
9,2015-16,"DEPARTMENT OF ENVIRONMENT, LAND, WATER AND PLANNING","Additions to the net asset base (section 29 of the Financial Management Act 1994 applies)",120942000,32484000
10,2015-16,"DEPARTMENT OF ENVIRONMENT, LAND, WATER AND PLANNING","Payments made on behalf of the State",666000000,620000000
11,2015-16,"DEPARTMENT OF ENVIRONMENT, LAND, WATER AND PLANNING","Contributions by the State under agreements pursuant to section 25 of the Murray- Darling Basin Act 1993 ",30650000,21800000
12,2015-16,"DEPARTMENT OF HEALTH AND HUMAN SERVICES","Provision of outputs (section 29 of the Financial Management Act 1994 applies)",11255851000,11865518000
13,2015-16,"DEPARTMENT OF HEALTH AND HUMAN SERVICES","Additions to the net asset base (section 29 of the Financial Management Act 1994 applies) ",157487000,147087000
14,2015-16,"DEPARTMENT OF JUSTICE AND REGULATION","Provision of outputs (section 29 of the Financial Management Act 1994 applies) ",4945332000,5156798000
15,2015-16,"DEPARTMENT OF JUSTICE AND REGULATION"," Additions to the net asset base (section 29 of the Financial Management Act 1994 applies) ",738982000,345335000
16,2015-16,"DEPARTMENT OF JUSTICE AND REGULATION","Payments made on behalf of the State ",54461000,54461000
17,2015-16,"DEPARTMENT OF JUSTICE AND REGULATION","Victorian Law Reform Commission - pursuant to section 17(b) of the Victorian Law Reform Commission Act 2000 ",721000,707000
18,2015-16,"DEPARTMENT OF PREMIER AND CABINET","Provision of outputs  (section 29 of the Financial Management Act 1994 applies) ",294791000,320441000
19,2015-16,"DEPARTMENT OF PREMIER AND CABINET","Additions to the net asset base (section 29 of the Financial Management Act 1994 applies)",5161000,2736000
20,2015-16,"DEPARTMENT OF PREMIER AND CABINET","Payments made on behalf of the State ",3500000,0
21,2015-16,"DEPARTMENT OF TREASURY AND FINANCE","Provision of outputs (section 29 of the Financial Management Act 1994 applies) ",222960000,235651000
22,2015-16,"DEPARTMENT OF TREASURY AND FINANCE","Additions to the net asset base (section 29 of the Financial Management Act 1994 applies)",24427000,4230000
23,2015-16,"DEPARTMENT OF TREASURY AND FINANCE","Payments made on behalf of the State",1753223000,1781946000
24,2015-16,"DEPARTMENT OF TREASURY AND FINANCE","Advance to Treasurer",681107000,991214000
25,2014-15,"DEPARTMENT OF COURTS"," Provision of outputs (section 29 of the Financial Management Act 1994 applies)",247887000,234137000
26,2014-15,"DEPARTMENT OF COURTS","Additions to the net asset base  (section 29 of the Financial Management Act 1994 applies)",0,2528000
27,2014-15,"DEPARTMENT OF EDUCATION AND EARLY CHILDHOOD DEVELOPMENT","Provision of outputs (section 29 of the Financial Management  Act 1994 applies)",9603806000,10211944000
29,2014-15,"DEPARTMENT OF ENVIRONMENT AND PRIMARY INDUSTRIES"," Provision of outputs  (section 29 of the Financial Management Act 1994 applies)   ",1205001000,1253619000
30,2014-15,"DEPARTMENT OF ENVIRONMENT AND PRIMARY INDUSTRIES"," Additions to the net asset base (section 29 of the Financial Management Act 1994 applies) ",104386000,111169000
31,2014-15,"DEPARTMENT OF ENVIRONMENT AND PRIMARY INDUSTRIES"," Payments made on behalf of the State",893313000,666000000
32,2014-15,"DEPARTMENT OF ENVIRONMENT AND PRIMARY INDUSTRIES"," Provision of outputs Victorian Water Trust (section 29 of the Financial Management Act 1994 applies) ",14000,0
33,2014-15,"DEPARTMENT OF ENVIRONMENT AND PRIMARY INDUSTRIES","Contributions by the State under agreements pursuant to section 25 of the Murray- Darling Basin Act 1993",26000000,30650000
34,2014-15,"DEPARTMENT OF HEALTH","Provision of outputs (section 29 of the Financial Management Act 1994 applies) ",6978374000,7498235000
35,2014-15,"DEPARTMENT OF HEALTH","Additions to the net asset base  (section 29 of the Financial Management Act 1994 applies)",295119000,88911000
36,2014-15,"DEPARTMENT OF HUMAN SERVICES","Provision of outputs  (section 29 of the Financial Management Act 1994 applies)",3534576000,3711252000
37,2014-15,"DEPARTMENT OF HUMAN SERVICES"," Additions to the net asset base (section 29 of the Financial Management Act 1994 applies)",84007000,63656000
38,2014-15,"DEPARTMENT OF JUSTICE","Provision of outputs (section 29 of the Financial Management Act 1994 applies) ",4543755000,5008233000
39,2014-15,"DEPARTMENT OF JUSTICE"," Additions to the net asset base (section 29 of the Financial Management Act 1994 applies)",708894000,739115000
40,2014-15,"DEPARTMENT OF JUSTICE","Payments made on behalf of the State",54461000,54461000
41,2014-15,"DEPARTMENT OF JUSTICE"," Victorian Law Reform Commission - pursuant to section 17(b) of the Victorian Law Reform Commission Act 2000",747000,721000
42,2014-15,"DEPARTMENT OF PREMIER AND CABINET","Provision of outputs  (section 29 of the Financial Management Act 1994 applies)",561669000,577741000
43,2014-15,"DEPARTMENT OF PREMIER AND CABINET"," Additions to the net asset base  (section 29 of the Financial Management Act 1994 applies) ",16237000,21519000
44,2014-15,"DEPARTMENT OF PREMIER AND CABINET","Payments made on behalf of the State ",0,3500000
45,2014-15,"DEPARTMENT OF STATE DEVELOPMENT, BUSINESS AND INNOV","Provision of outputs (section 29 of the Financial Management Act 1994 applies)",615786000,616662000
46,2014-15,"DEPARTMENT OF STATE DEVELOPMENT, BUSINESS AND INNOV","Additions to the net asset base (section 29 of the Financial Management Act 1994 applies) ",81367000,98486000
47,2014-15,"DEPARTMENT OF STATE DEVELOPMENT, BUSINESS AND INNOV","Payments made on behalf of the State",64000000,63688000
48,2014-15,"DEPARTMENT OF STATE DEVELOPMENT, BUSINESS AND INNOV"," Payment to Regional Growth Fund pursuant to section 4 of the Regional Growth Fund Act 2011 ",136000000,121377000
49,2014-15,"DEPARTMENT OF TRANSPORT, PLANNING AND LOCAL INFRASTRUCTURE"," Provision of outputs  (section 29 of the Financial Management Act 1994  applies) ",5025834000,5352831000
50,2014-15,"DEPARTMENT OF TRANSPORT, PLANNING AND LOCAL INFRASTRUCTURE"," Additions to the net asset base (section 29 of the Financial Management Act 1994 applies)",1932267000,1851099000
51,2014-15,"DEPARTMENT OF TRANSPORT, PLANNING AND LOCAL INFRASTRUCTURE","Payments made on behalf of the State ",850000,850000
52,2014-15,"DEPARTMENT OF TREASURY AND FINANCE","Provision of outputs (section 29 of the Financial Management Act 1994 applies)",239787000,229841000
53,2014-15,"DEPARTMENT OF TREASURY AND FINANCE","Additions to the net asset base (section 29 of the Financial Management Act 1994 applies)",26587000,24427000
54,2014-15,"DEPARTMENT OF TREASURY AND FINANCE","Payments made on behalf of the State ",1792074000,1753223000
55,2014-15,"DEPARTMENT OF TREASURY AND FINANCE"," Advance to Treasurer",378161000,681107000
56,2013-14,"DEPARTMENT OF EDUCATION AND EARLY CHILDHOOD DEVELOPMENT","Provision of outputs (section 29 of the Financial Management Act 1994 applies) ",9545978000,9603806000
57,2013-14,"DEPARTMENT OF ENVIRONMENT AND PRIMARY INDUSTRIES","Provision of outputs (section 29 of the Financial Management Act 1994 applies)    ",1025124000,1205001000
58,2013-14,"DEPARTMENT OF ENVIRONMENT AND PRIMARY INDUSTRIES","Additions to the net asset base (section 29 of the Financial Management Act 1994 applies)",69724000,104386000
59,2013-14,"DEPARTMENT OF ENVIRONMENT AND PRIMARY INDUSTRIES","Payments made on behalf of the State ",426079000,893313000
60,2013-14,"DEPARTMENT OF ENVIRONMENT AND PRIMARY INDUSTRIES","Provision of outputs Victorian Water Trust (section 29 of the Financial Management Act 1994 applies)",14703000,14000
61,2013-14,"DEPARTMENT OF ENVIRONMENT AND PRIMARY INDUSTRIES"," Contributions by the State under agreements pursuant to section 25 of the Murray-Darling Basin Act 1993 ",30913000,26000000
62,2013-14,"DEPARTMENT OF HEALTH","Provision of outputs (section 29 of the Financial Management Act 1994 applies) ",6796019000,6978374000
63,2013-14,"DEPARTMENT OF HEALTH","Additions to the net asset base (section 29 of the Financial Management Act 1994 applies) ",71128000,295119000
64,2013-14,"DEPARTMENT OF HUMAN SERVICES","Provision of outputs (section 29 of the Financial Management Act 1994 applies)  ",3379397000,3534576000
65,2013-14,"DEPARTMENT OF HUMAN SERVICES"," Additions to the net asset base (section 29 of the Financial Management Act 1994  applies) ",70795000,84007000
66,2013-14,"DEPARTMENT OF JUSTICE","Provision of outputs (section 29 of the Financial Management Act 1994 applies)",3982759000,4791642000
67,2013-14,"DEPARTMENT OF JUSTICE"," Additions to the net asset base (section 29 of the Financial Management Act 1994 applies)",242488000,708894000
68,2013-14,"DEPARTMENT OF JUSTICE","Payments made on behalf of the State ",54461000,54461000
69,2013-14,"DEPARTMENT OF JUSTICE","Victorian Law Reform Commission - pursuant to section 17(b) of the Victorian Law Reform Commission Act 2000",949000,747000
70,2013-14,"DEPARTMENT OF PREMIER AND CABINET","Provision of outputs (section 29 of the Financial Management Act 1994 applies) ",560568000,561669000
71,2013-14,"DEPARTMENT OF PREMIER AND CABINET","Additions to the net asset base (section 29 of the Financial Management Act 1994 applies) ",27554000,16237000
72,2013-14,"DEPARTMENT OF STATE DEVELOPMENT, BUSINESS AND INNOV"," Provision of outputs (section 29 of the Financial Management Act 1994 applies)",653697000,615786000
73,2013-14,"DEPARTMENT OF STATE DEVELOPMENT, BUSINESS AND INNOV","Additions to the net asset base  (section 29 of the Financial Management Act 1994 applies) ",194363000,81367000
74,2013-14,"DEPARTMENT OF STATE DEVELOPMENT, BUSINESS AND INNOV","Payments made on behalf of the State ",54000000,64000000
75,2013-14,"DEPARTMENT OF STATE DEVELOPMENT, BUSINESS AND INNOV","Payment to Regional Growth Fund pursuant to section 4 of the Regional Growth Fund  Act 2011",125000000,136000000
76,2013-14,"DEPARTMENT OF TRANSPORT, PLANNING AND LOCAL INFRASTRUCTURE","Provision of outputs  (section 29 of the Financial Management Act 1994 applies)",4921819000,5025834000
77,2013-14,"DEPARTMENT OF TRANSPORT, PLANNING AND LOCAL INFRASTRUCTURE","Additions to the net asset base (section 29 of the Financial Management Act 1994 applies) ",2407184000,1932267000
78,2013-14,"DEPARTMENT OF TRANSPORT, PLANNING AND LOCAL INFRASTRUCTURE","Payments made on behalf of the State ",850000,850000
79,2013-14,"DEPARTMENT OF TREASURY AND FINANCE","Provision of outputs (section 29 of the Financial Management Act 1994 applies)",221606000,239787000
80,2013-14,"DEPARTMENT OF TREASURY AND FINANCE","Additions to the net asset base (section 29 of the Financial Management Act 1994 applies) ",32764000,26587000
81,2013-14,"DEPARTMENT OF TREASURY AND FINANCE"," Payments made on behalf of the State",2223997000,1792074000
82,2013-14,"DEPARTMENT OF TREASURY AND FINANCE","Advance to Treasurer",524133000,378161000
83,2012-13,"DEPARTMENT OF BUSINESS AND INNOVATION"," Provision of outputs (section 29 of the Financial Management Act 1994 applies) ",496482000,477893000
84,2012-13,"DEPARTMENT OF BUSINESS AND INNOVATION","Additions to the net asset base (section 29 of the Financial Management Act 1994 applies)",31088000,194043000
85,2012-13,"DEPARTMENT OF BUSINESS AND INNOVATION","Payments made on behalf of the State",54000000,54000000
86,2012-13,"DEPARTMENT OF EDUCATION AND EARLY CHILDHOOD DEVELOPMENT","Provision of outputs (section 29 of the Financial Management Act 1994 applies) ",9159281000,9545978000
87,2012-13,"DEPARTMENT OF EDUCATION AND EARLY CHILDHOOD DEVELOPMENT","Additions to the net asset base (section 29 of the Financial Management Act 1994 applies)",55937000,0
88,2012-13,"DEPARTMENT OF HEALTH","Provision of outputs (section 29 of the Financial Management Act 1994 applies) ",9610612000,6796019000
89,2012-13,"DEPARTMENT OF HEALTH","Additions to the net asset base (section 29 of the Financial Management Act 1994 applies) ",0,71128000
90,2012-13,"DEPARTMENT OF HUMAN SERVICES","Provision of outputs (section 29 of the Financial Management Act 1994 applies) ",3297975000,3375362000
91,2012-13,"DEPARTMENT OF HUMAN SERVICES","Additions to the net asset base (section 29 of the Financial Management Act 1994 applies)",51060000,70795000
92,2012-13,"DEPARTMENT OF JUSTICE","Provision of outputs (section 29 of the Financial Management Act 1994 applies)  ",3837908000,3982759000
93,2012-13,"DEPARTMENT OF JUSTICE","Additions to the net asset base (section 29 of the Financial Management Act 1994 applies) ",203982000,242488000
94,2012-13,"DEPARTMENT OF JUSTICE","Payments made on behalf of the State",54461000,54461000
95,2012-13,"DEPARTMENT OF JUSTICE","Victorian Law Reform Commission - pursuant to section 17(b) of the Victorian Law Reform Commission Act 2000 ",927000,949000
96,2012-13,"DEPARTMENT OF PLANNING AND COMMUNITY DEVELOPMENT"," Provision of outputs (section 29 of the Financial Management Act 1994 applies)",451533000,339064000
97,2012-13,"DEPARTMENT OF PLANNING AND COMMUNITY DEVELOPMENT","Additions to the net asset base (section 29 of the Financial Management Act 1994 applies)  ",183119000,163714000
98,2012-13,"DEPARTMENT OF PLANNING AND COMMUNITY DEVELOPMENT","Payments made on behalf of the State ",850000,850000
99,2012-13,"DEPARTMENT OF PLANNING AND COMMUNITY DEVELOPMENT","Payment to Regional Infrastructure Development Fund pursuant to section 4 of the Regional Infrastructure Development Fund Act 1999",48000000,0
100,2012-13,"DEPARTMENT OF PLANNING AND COMMUNITY DEVELOPMENT","Payment to Regional Growth Fund pursuant to section 4 of the Regional Growth Fund Act 2011",0,125000000
101,2012-13,"DEPARTMENT OF PREMIER AND CABINET","Provision of outputs (section 29 of the Financial Management Act 1994 applies) ",549680000,539883000
102,2012-13,"DEPARTMENT OF PRIMARY INDUSTRIES","Provision of outputs  (section 29 of the Financial Management Act 1994 applies)  ",405922000,408598000
103,2012-13,"DEPARTMENT OF PRIMARY INDUSTRIES","Additions to the net asset base (section 29 of the Financial Management Act 1994 applies) ",405922000,408598000
104,2012-13,"DEPARTMENT OF PRIMARY INDUSTRIES","Additions to the net asset base (section 29 of the Financial Management Act 1994 applies)  ",29871000,23227000
105,2012-13,"DEPARTMENT OF SUSTAINABILITY AND ENVIRONMENT"," Provision of outputs (section 29 of the Financial Management Act 1994 applies) ",955612000,805155000
106,2012-13,"DEPARTMENT OF SUSTAINABILITY AND ENVIRONMENT","Additions to the net asset base (section 29 of the Financial Management Act 1994 applies)",99912000,805155000
107,2012-13,"DEPARTMENT OF SUSTAINABILITY AND ENVIRONMENT","Additions to the net asset base (section 29 of the Financial Management Act 1994 applies)",99912000,47837000
108,2012-13,"DEPARTMENT OF SUSTAINABILITY AND ENVIRONMENT","Payments made on behalf of the State",251000000,426079000
109,2012-13,"DEPARTMENT OF SUSTAINABILITY AND ENVIRONMENT","Provision of outputs--Victorian Water Trust (section 29 of the Financial Management Act 1994 applies)  ",963000,14703000
110,2012-13,"DEPARTMENT OF SUSTAINABILITY AND ENVIRONMENT","Additions to the net asset base Victorian Water Trust (section 29 of the Financial Management Act 1994 appli",28321000,0
111,2012-13,"DEPARTMENT OF SUSTAINABILITY AND ENVIRONMENT","Provision of outputs pursuant to section 15 of the Environment Protection Act 1970 (section 29 of the Financ",30318000,0
112,2012-13,"DEPARTMENT OF SUSTAINABILITY AND ENVIRONMENT","Contribution by the State under agreements pursuant to section 25 of the Murray-Darling Basin Act 1993 ",30895000,30913000
113,2012-13,"DEPARTMENT OF TRANSPORT","Provision of outputs (section 29 of the Financial Management Act 1994 applies)  ",4535872000,4590995000
114,2012-13,"DEPARTMENT OF TRANSPORT","Additions to the net asset base (section 29 of the Financial Management Act 1994 applies)  ",1584271000,2248750000
115,2012-13,"DEPARTMENT OF TREASURY AND FINANCE","Provision of outputs (section 29 of the Financial Management Act 1994 applies)",235126000,225261000
116,2012-13,"DEPARTMENT OF TREASURY AND FINANCE","Additions to the net asset base (section 29 of the Financial Management Act 1994 applies) ",30058000,32764000
117,2012-13,"DEPARTMENT OF TREASURY AND FINANCE","Payments made on behalf of the State ",2004242000,2223997000
118,2012-13,"DEPARTMENT OF TREASURY AND FINANCE","Advance to Treasurer",779058000,524133000
119,2011-12,"DEPARTMENT OF BUSINESS AND INNOVATION","Provision of outputs (section 29 of the Financial Management Act 1994 applies)  ",1609889000,496482000
120,2011-12,"DEPARTMENT OF BUSINESS AND INNOVATION","Additions to the net asset base (section 29 of the Financial Management Act 1994 applies) ",177677000,31088000
121,2011-12,"DEPARTMENT OF BUSINESS AND INNOVATION","Payments made on behalf of the State ",54000000,54000000
122,2011-12,"DEPARTMENT OF EDUCATION AND EARLY CHILDHOOD DEVELOPMENT","Provision of outputs (section 29 of the Financial Management Act 1994 applies) ",7769785000,9159281000
123,2011-12,"DEPARTMENT OF EDUCATION AND EARLY CHILDHOOD DEVELOPMENT","Additions to the net asset base (section 29 of the Financial Management Act 1994 applies)",237740000,55937000
124,2011-12,"DEPARTMENT OF HEALTH","Provision of outputs (section 29 of the Financial Management Act 1994 applies) ",8668014000,9610612000
125,2011-12,"DEPARTMENT OF HEALTH","Additions to the net asset base (section 29 of the Financial Management Act 1994 applies)",83931000,0
126,2011-12,"DEPARTMENT OF HUMAN SERVICES","Provision of outputs (section 29 of the Financial Management Act 1994 applies)    ",2467777000,3297975000
127,2011-12,"DEPARTMENT OF HUMAN SERVICES","Additions to the net asset base  (section 29 of the Financial Management Act 1994 applies)",62048000,51060000
128,2011-12,"DEPARTMENT OF JUSTICE","Provision of outputs (section 29 of the Financial Management Act 1994 applies) ",3670668000,3837908000
129,2011-12,"DEPARTMENT OF JUSTICE","Additions to the net asset base (section 29 of the Financial Management Act 1994 applies) ",182740000,203982000
130,2011-12,"DEPARTMENT OF JUSTICE","Payments made on behalf of the State",52345000,54461000
131,2011-12,"DEPARTMENT OF JUSTICE","Victorian Law Reform Commission - pursuant to section 17(b) of the Victorian Law Reform Commission Act 2000 ",912000,927000
132,2011-12,"DEPARTMENT OF PLANNING AND COMMUNITY DEVELOPMENT","Provision of outputs (section 29 of the Financial Management Act 1994 applies)  ",436558000,451533000
133,2011-12,"DEPARTMENT OF PLANNING AND COMMUNITY DEVELOPMENT","Additions to the net asset base  (section 29 of the Financial Management Act 1994 applies) ",161057000,183119000
134,2011-12,"DEPARTMENT OF PLANNING AND COMMUNITY DEVELOPMENT","Payments made on behalf of the State  ",850000,850000
135,2011-12,"DEPARTMENT OF PLANNING AND COMMUNITY DEVELOPMENT","Payment to Regional Infrastructure Development Fund pursuant to section 4 of the Regional Infrastructure Development Fund Act 1999",0,48000000
136,2011-12,"DEPARTMENT OF PREMIER AND CABINET","Provision of outputs (section 29 of the Financial Management Act 1994 applies)    ",521345000,549680000
137,2011-12,"DEPARTMENT OF PREMIER AND CABINET"," Additions to the net asset base (section 29 of the Financial Management Act 1994 applies)  ",43948000,68371000
138,2011-12,"DEPARTMENT OF PRIMARY INDUSTRIES","Provision of outputs (section 29 of the Financial Management Act 1994 applies) ",351904000,405922000
139,2011-12,"DEPARTMENT OF PRIMARY INDUSTRIES","Additions to the net asset base (section 29 of the Financial Management Act 1994 applies) ",19504000,29871000
140,2011-12,"DEPARTMENT OF SUSTAINABILITY AND ENVIRONMENT","Provision of outputs (section 29 of  the Financial Management Act 1994 applies) ",768367000,955612000
141,2011-12,"DEPARTMENT OF SUSTAINABILITY AND ENVIRONMENT","Additions to the net asset base (section 29 of the Financial Management Act 1994 applies)    ",229814000,99912000
142,2011-12,"DEPARTMENT OF SUSTAINABILITY AND ENVIRONMENT"," Payments made on behalf of the State  ",0,251000000
143,2011-12,"DEPARTMENT OF SUSTAINABILITY AND ENVIRONMENT","Provision of outputs Victorian Water Trust (section 29 of the Financial Management Act 1994 applies)  ",163000,963000
144,2011-12,"DEPARTMENT OF SUSTAINABILITY AND ENVIRONMENT","Additions to the net asset base Victorian Water Trust (section 29 of the Financial Management Act 1994 appli",12759000,28321000
145,2011-12,"DEPARTMENT OF SUSTAINABILITY AND ENVIRONMENT","Provision of outputs pursuant to section 15 of the Environment Protection Act 1970 (section 29 of the Financ",33588000,30318000
146,2011-12,"DEPARTMENT OF SUSTAINABILITY AND ENVIRONMENT","Contribution by the State under agreements pursuant to section 25 of the Murray-Darling Basin Act 1993  ",29540000,30895000
147,2011-12,"DEPARTMENT OF TRANSPORT"," Provision of outputs  (section 29 of the Financial Management Act 1994 applies)",4271219000,4535872000
148,2011-12,"DEPARTMENT OF TRANSPORT","Additions to the net asset  base (section 29 of the Financial Management Act 1994 applies) ",1334917000,1584271000
149,2011-12,"DEPARTMENT OF TREASURY AND FINANCE","Provision of outputs (section 29 of the Financial Management Act 1994 applies) ",226971000,235126000
150,2011-12,"DEPARTMENT OF TREASURY AND FINANCE","Additions to the net asset base (section 29 of the Financial Management Act 1994 applies) ",21690000,30058000
151,2011-12,"DEPARTMENT OF TREASURY AND FINANCE","Payments made on behalf of the  State ",1446993000,2004242000
152,2011-12,"DEPARTMENT OF TREASURY AND FINANCE","Advance to Treasurer",1085797000,779058000
154,2010-11," DEPARTMENT OF EDUCATION AND EARLY CHILDHOOD DEVELO","Provision of outputs (section 29 of the Financial Management Act 1994 applies) ",7321515000,7769785000
155,2010-11," DEPARTMENT OF EDUCATION AND EARLY CHILDHOOD DEVELO","Additions to the net asset base (section 29 of the Financial Management Act 1994 applies)",189861000,237740000
156,2010-11,"DEPARTMENT OF HEALTH","Provision of outputs (section 29 of the Financial Management Act 1994 applies)  ",0,8668014000
157,2010-11,"DEPARTMENT OF HEALTH","Additions to the net asset base (section 29 of the Financial Management Act 1994 applies) ",0,83931000
158,2010-11,"DEPARTMENT OF HUMAN SERVICES"," Provision of outputs (section 29 of the Financial Management Act 1994 applies)   ",10612348000,2467777000
159,2010-11,"DEPARTMENT OF HUMAN SERVICES","Additions to the net asset base (section 29 of the Financial Management Act 1994 applies)  ",164227000,62048000
160,2010-11,"DEPARTMENT OF INNOVATION, INDUSTRY AND REGIONAL DEV"," Provision of outputs (section 29 of the Financial Management Act 1994 applies) ",1551806000,1609889000
161,2010-11,"DEPARTMENT OF INNOVATION, INDUSTRY AND REGIONAL DEV","Additions to the net asset base (section 29 of the Financial Management Act 1994 applies)  ",24338000,177677000
162,2010-11,"DEPARTMENT OF INNOVATION, INDUSTRY AND REGIONAL DEV","Payments made on behalf of the State  ",54000000,54000000
163,2010-11,"DEPARTMENT OF INNOVATION, INDUSTRY AND REGIONAL DEV","Payment to Regional Infrastructure Development Fund pursuant to section 4 of the Regional Infrastructure Development Fund Act 1999",77200000,0
164,2010-11,"DEPARTMENT OF JUSTICE","Provision of outputs  (section 29 of the Financial Management Act 1994 applies) ",3459380000,3670668000
165,2010-11,"DEPARTMENT OF JUSTICE","Additions to the net asset base (section 29 of the Financial Management Act 1994 applies) ",189823000,182740000
166,2010-11,"DEPARTMENT OF JUSTICE","Payments made on behalf of the State ",50262000,52345000
167,2010-11,"DEPARTMENT OF JUSTICE","Victorian Law Reform Commission - pursuant to section 17(b) of the Victorian Law Reform Commission Act 2000 ",932000,912000
168,2010-11,"DEPARTMENT OF PLANNING AND COMMUNITY DEVELOPMENT","Provision of outputs (section 29 of the Financial Management Act 1994 applies)  ",424094000,436558000
169,2010-11,"DEPARTMENT OF PLANNING AND COMMUNITY DEVELOPMENT","Additions to the net asset base (section 29 of the Financial Management Act 1994 applies) ",103134000,161057000
170,2010-11,"DEPARTMENT OF PLANNING AND COMMUNITY DEVELOPMENT","Payments made on behalf of the State ",500000,850000
171,2010-11,"DEPARTMENT OF PREMIER AND CABINET","Provision of outputs (section 29 of the Financial Management Act 1994 applies) ",526831000,521345000
172,2010-11,"DEPARTMENT OF PREMIER AND CABINET","Additions to the net asset base (section 29 of the Financial Management Act 1994 applies)   ",20728000,43948000
173,2010-11,"DEPARTMENT OF PREMIER AND CABINET","Payments made on behalf of the State",40000000,0
174,2010-11,"DEPARTMENT OF PRIMARY INDUSTRIES","Provision of outputs (section 29 of the FinancialManagement Act 1994 applies)  ",333697000,351904000
175,2010-11,"DEPARTMENT OF PRIMARY INDUSTRIES","Additions to the net asset base (section 29 of the Financial Management Act 1994 applies)",202895000,19504000
176,2010-11,"DEPARTMENT OF SUSTAINABILITY AND ENVIRONMENT","Provision of outputs (section 29 of the Financial Management Act 1994 applies)   ",840294000,768367000
177,2010-11,"DEPARTMENT OF SUSTAINABILITY AND ENVIRONMENT","Additions to the net asset base(section 29 of the Financial Management Act 1994 applies) ",233912000,229814000
178,2010-11,"DEPARTMENT OF SUSTAINABILITY AND ENVIRONMENT","Provision of outputs Victorian Water Trust (section 29 of the Financial Management Act 1994 applies)    ",1424000,163000
179,2010-11,"DEPARTMENT OF SUSTAINABILITY AND ENVIRONMENT"," Additions to the net asset base  Victorian Water Trust (section 29 of the Financial Management Act1994 appl",12464000,12759000
180,2010-11,"DEPARTMENT OF SUSTAINABILITY AND ENVIRONMENT","Provision of outputs pursuant to section 15 of the Environment Protection Act 1970 (section 29 of the Financ",33331000,33588000
181,2010-11,"DEPARTMENT OF SUSTAINABILITY AND ENVIRONMENT","Contribution by the State under agreements pursuant to section 25 of the Murray-Darling Basin Act 1993 ",27938000,29540000
182,2010-11,"DEPARTMENT OF TRANSPORT","Provision of outputs (section 29 of the Financial Management Act 1994 applies) ",3884742000,4271219000
183,2010-11,"DEPARTMENT OF TRANSPORT","Additions to the net asset base (section 29 of the Financial Management Act 1994 applies) ",1852602000,1334917000
184,2010-11,"DEPARTMENT OF TREASURY AND FINANCE","Provision of outputs (section 29 of the Financial Management Act 1994 applies)",264998000,226971000
185,2010-11,"DEPARTMENT OF TREASURY AND FINANCE","Additions to the net asset base (section 29 of the Financial Management Act 1994 applies)   ",44054000,21690000
186,2010-11,"DEPARTMENT OF TREASURY AND FINANCE","Payments made on behalf of the State  ",1347817000,1446993000
187,2010-11,"DEPARTMENT OF TREASURY AND FINANCE","Advance to Treasurer",899743000,1085797000
188,2009-10,"DEPARTMENT OF EDUCATION AND EARLY CHILDHOOD DEVELOPMENT","Provision of outputs (section 29 of the Financial Management Act 1994 applies)  ",6654513000,7321515000
189,2009-10,"DEPARTMENT OF EDUCATION AND EARLY CHILDHOOD DEVELOPMENT","Additions to the net asset base (section 29 of the Financial Management Act 1994 applies)",227186000,189861000
190,2009-10,"DEPARTMENT OF HUMAN SERVICES"," Provision of outputs(section 29 of the Financial Management Act 1994 applies)     ",9683924000,10612348000
191,2009-10,"DEPARTMENT OF HUMAN SERVICES","Additions to the net asset base  (section 29 of the Financial Management Act 1994 applies)",147432000,164227000
192,2009-10,"DEPARTMENT OF INNOVATION, INDUSTRY AND REGIONAL DEV","Provision of outputs (section 29 of the Financial Management Act 1994 applies)     ",1434867000,1551806000
193,2009-10,"DEPARTMENT OF INNOVATION, INDUSTRY AND REGIONAL DEV","Additions to the net asset base (section 29 of the Financial Management Act 1994 applies)  ",4877000,24338000
194,2009-10,"DEPARTMENT OF INNOVATION, INDUSTRY AND REGIONAL DEV","Payments made on behalf of the State ",27000000,54000000
195,2009-10,"DEPARTMENT OF INNOVATION, INDUSTRY AND REGIONAL DEV","Payment to Regional Infrastructure Development Fund pursuant to section 4 of the Regional Infrastructure Development Fund Act 1999",41000000,77200000
196,2009-10,"DEPARTMENT OF JUSTICE","Provision of outputs (section 29 of the Financial Management Act 1994 applies) ",3140606000,3459380000
197,2009-10,"DEPARTMENT OF JUSTICE","base (section 29 of the Financial Management Act 1994 applies) ",141648000,189823000
198,2009-10,"DEPARTMENT OF JUSTICE","Payments made on behalf of the State",48311000,50262000
199,2009-10,"DEPARTMENT OF JUSTICE","Victorian Law Reform Commission - pursuant to section 17(b) of the Victorian Law Reform Commission Act 2000 ",982000,932000
200,2009-10,"DEPARTMENT OF PLANNING AND COMMUNITY DEVELOPMENT","Provision of outputs (section 29 of the Financial Management Act 1994 applies)     ",438074000,424094000
201,2009-10,"DEPARTMENT OF PLANNING AND COMMUNITY DEVELOPMENT","Additions to the net asset base (section 29 of the Financial Management Act 1994 applies)",150104000,103134000
202,2009-10,"DEPARTMENT OF PLANNING AND COMMUNITY DEVELOPMENT","Payments made on behalf of the State ",500000,500000
203,2009-10,"DEPARTMENT OF PREMIER AND CABINET","Provision of outputs (section 29 of the Financial Management Act 1994 applies)  ",466676000,526831000
204,2009-10,"DEPARTMENT OF PREMIER AND CABINET","Additions to the net asset base (section 29 of the Financial Management Act 1994 applies)",4888000,20728000
205,2009-10,"DEPARTMENT OF PREMIER AND CABINET","Payments made on behalf of the State ",0,40000000
206,2009-10,"DEPARTMENT OF PRIMARY INDUSTRIES","Provision of outputs (section 29 of the Financial Management Act 1994 applies) ",311156000,333697000
207,2009-10,"DEPARTMENT OF PRIMARY INDUSTRIES","Additions to the net asset base (section 29 of the Financial Management  Act 1994 applies) ",92554000,202895000
208,2009-10,"DEPARTMENT OF SUSTAINABILITY AND ENVIRONMENT","Provision of outputs (section 29 of the Financial Management Act 1994 applies)",858839000,840294000
209,2009-10,"DEPARTMENT OF SUSTAINABILITY AND ENVIRONMENT","Additions to the net asset base(section 29 of the Financial Management Act 1994 applies) ",249994000,233912000
210,2009-10,"DEPARTMENT OF SUSTAINABILITY AND ENVIRONMENT","Provision of output Victorian Water Trust (section 29 of the Financial Management Act 1994 applies)    ",3473000,1424000
211,2009-10,"DEPARTMENT OF SUSTAINABILITY AND ENVIRONMENT","Additions to the net asset base Victorian Water Trust (section 29 of the Financial Management Act 1994 appli",85348000,12464000
212,2009-10,"DEPARTMENT OF SUSTAINABILITY AND ENVIRONMENT","Provision of outputs pursuant to section 15 of the Environment Protection Act 1970 (section 29 of the Financ",32925000,33331000
213,2009-10,"DEPARTMENT OF SUSTAINABILITY AND ENVIRONMENT","Contribution by the State under agreements pursuant to section 25 of the Murray-Darling Basin Act 1993",27221000,27938000
214,2009-10,"DEPARTMENT OF TRANSPORT","Provision of outputs (section 29 of the Financial Management Act 1994 applies)  ",3634329000,3884742000
215,2009-10,"DEPARTMENT OF TRANSPORT","Additions to the net asset base (section 29 of the Financial Management Act 1994 applies) ",1111280000,1852602000
216,2009-10,"DEPARTMENT OF TREASURY AND FINANCE","Provision of outputs (section 29 of the Financial Management Act 1994 applies)  ",232319000,264998000
217,2009-10,"DEPARTMENT OF TREASURY AND FINANCE","Additions to the net asset base (section 29 of the Financial Management Act 1994 applies)",27170000,44054000
218,2009-10,"DEPARTMENT OF TREASURY AND FINANCE","Payments made on behalf of the State   ",1047466000,1347817000
219,2009-10,"DEPARTMENT OF TREASURY AND FINANCE","Advance to Treasurer",931596000,899743000
220,2008-09," DEPARTMENT OF EDUCATION AND EARLY CHILDHOOD DEVELO","Provision of outputs (section 29 of the Financial Management Act 1994 applies)  ",6373695000,6654513000
221,2008-09," DEPARTMENT OF EDUCATION AND EARLY CHILDHOOD DEVELO","Additions to the net asset base (section 29 of the Financial Management Act 1994 applies)",104668000,227186000
222,2008-09,"DEPARTMENT OF HUMAN SERVICES"," Provision of outputs (section 29 of the Financial Management Act 1994 applies)",9147759000,9683924000
223,2008-09,"DEPARTMENT OF HUMAN SERVICES","Additions to the net asset base (section 29 of the Financial Management Act 1994 applies)",269416000,147432000
224,2008-09,"DEPARTMENT OF INNOVATION, INDUSTRY AND REGIONAL DEV","Provision of outputs (section 29 of the Financial Management Act 1994 applies)",1332472000,1434867000
225,2008-09,"DEPARTMENT OF INNOVATION, INDUSTRY AND REGIONAL DEV"," Additions to the net asset base (section 29 of the Financial Management Act 1994 applies)",2913000,4877000
226,2008-09,"DEPARTMENT OF INNOVATION, INDUSTRY AND REGIONAL DEV","Payments made on behalf of the State ",0,27000000
227,2008-09,"DEPARTMENT OF INNOVATION, INDUSTRY AND REGIONAL DEV","Payment to Regional Infrastructure Development Fund pursuant to section 4 of the Regional Infrastructure Development Fund Act 1999",91000000,41000000
228,2008-09,"DEPARTMENT OF JUSTICE","Provision of outputs  (section 29 of the Financial Management Act 1994 applies) ",2858336000,3140606000
229,2008-09,"DEPARTMENT OF JUSTICE","Additions to the net asset base (section 29 of the Financial Management Act 1994 applies) ",43415000,141648000
230,2008-09,"DEPARTMENT OF JUSTICE"," Payments made on behalf of the State ",46400000,48311000
231,2008-09,"DEPARTMENT OF JUSTICE"," Victorian Law Reform Commission - pursuant to section 17(b) of the Victorian Law Reform Commission Act 2000",1010000,982000
232,2008-09,"DEPARTMENT OF PLANNING AND COMMUNITY DEVELOPMENT"," Provision of outputs (section 29 of the Financial Management Act 1994 applies)   ",368060000,438074000
233,2008-09,"DEPARTMENT OF PLANNING AND COMMUNITY DEVELOPMENT"," Additions to the net asset base (section 29 of the Financial Management Act 1994 applies) ",105152000,150104000
234,2008-09,"DEPARTMENT OF PLANNING AND COMMUNITY DEVELOPMENT","Payments made on behalf of the State",400000,500000
235,2008-09,"DEPARTMENT OF PREMIER AND CABINET","Provision of outputs (section 29 of the Financial Management Act 1994 applies) ",462236000,466676000
236,2008-09,"DEPARTMENT OF PREMIER AND CABINET"," Additions to the net asset base (section 29 of the Financial Management Act 1994 applies)  ",35786000,4888000
237,2008-09,"DEPARTMENT OF PRIMARY INDUSTRIES","Provision of outputs (section 29 of the Financial Management Act 1994 applies)",312499000,311156000
238,2008-09,"DEPARTMENT OF PRIMARY INDUSTRIES","Additions to the net asset base (section 29 of the Financial Management Act 1994 applies)",38419000,92554000
239,2008-09,"DEPARTMENT OF PRIMARY INDUSTRIES","Payments made on behalf of the State ",27900000,0
240,2008-09,"DEPARTMENT OF SUSTAINABILITY AND ENVIRONMENT","Provision of outputs (section 29 of the Financial Management Act 1994 applies) ",766683000,858839000
241,2008-09,"DEPARTMENT OF SUSTAINABILITY AND ENVIRONMENT","Additions to the net asset base (section 29 of the Financial Management Act 1994 applies) ",127215000,249994000
242,2008-09,"DEPARTMENT OF SUSTAINABILITY AND ENVIRONMENT","Provision of outputs Victorian Water Trust (section 29 of the Financial Management Act 1994 applies) ",28644000,85348000
243,2008-09,"DEPARTMENT OF SUSTAINABILITY AND ENVIRONMENT","Additions to the net asset base Victorian Water Trust (section 29 of the Financial Management Act 1994 appli",32854000,32925000
244,2008-09,"DEPARTMENT OF SUSTAINABILITY AND ENVIRONMENT","Provision of outputs pursuant to section 15 of the Environment Protection Act 1970 (section 29 of the Financ",25880000,27221000
245,2008-09,"DEPARTMENT OF TRANSPORT","Provision of outputs (section 29 of the Financial Management Act 1994 applies) ",3558609000,3634329000
246,2008-09,"DEPARTMENT OF TRANSPORT"," Additions to the net asset base (section 29 of the Financial Management Act 1994 applies) ",650935000,1111280000
247,2008-09,"DEPARTMENT OF TREASURY AND FINANCE","Provision of outputs (section 29 of the Financial Management Act 1994 applies)   ",225662000,232319000
248,2008-09,"DEPARTMENT OF TREASURY AND FINANCE"," Additions to the net asset base (section 29 of the Financial Management Act 1994 applies) ",12731000,27170000
249,2008-09,"DEPARTMENT OF TREASURY AND FINANCE","Payments made on behalf of the State ",1031235000,1047466000
250,2008-09,"DEPARTMENT OF TREASURY AND FINANCE","Advance to Treasurer",434018000,931596000
251,2007-08,"DEPARTMENT OF EDUCATION","Provision of outputs (section 29 of the Financial Management Act 1994 applies) ",5894061000,6091977000
252,2007-08,"DEPARTMENT OF EDUCATION","Additions to the net asset base (section 29 of the Financial Management Act 1994 applies)",100207000,104668000
253,2007-08,"DEPARTMENT OF HUMAN SERVICES","Provision of outputs  (section 29 of the Financial Management Act 1994 applies)  ",8539241000,9429477000
254,2007-08,"DEPARTMENT OF HUMAN SERVICES","Additions to the net asset base (section 29 of the Financial Management Act 1994 applies)  ",275281000,269416000
255,2007-08,"DEPARTMENT OF INFRASTRUCTURE","Provision of outputs  (section 29 of the Financial Management Act 1994 applies)",3271757000,3591110000
256,2007-08,"DEPARTMENT OF INFRASTRUCTURE","Additions to the net asset base (section 29 of the Financial Management  Act 1994 applies)  ",458753000,659857000
257,2007-08,"DEPARTMENT OF INNOVATION, INDUSTRY AND REGIONAL DEVELOPMENT","Provision of outputs (section 29 of the Financial Management Act 1994 applies) ",1268599000,1312587000
258,2007-08,"DEPARTMENT OF INNOVATION, INDUSTRY AND REGIONAL DEVELOPMENT","Additions to the net asset base  ",14641000,2913000
259,2007-08,"DEPARTMENT OF INNOVATION, INDUSTRY AND REGIONAL DEVELOPMENT"," Payment to Regional Infrastructure Development Fund pursuant to section 4 of the Regional Infrastructure Development Fund Act 1999 ",92000000,91000000
260,2007-08,"DEPARTMENT OF JUSTICE","Provision of outputs (section 29 of the Financial Management Act 1994  applies) ",2706187000,2858336000
261,2007-08,"DEPARTMENT OF JUSTICE","Additions to the net asset base (section 29 of the Financial Management Act 1994 applies) ",138391000,43415000
262,2007-08,"DEPARTMENT OF JUSTICE","Payments made on behalf of the State",55681000,46400000
263,2007-08,"DEPARTMENT OF JUSTICE","Victorian Law Reform Commission - pursuant to section 17(b) of the Victorian Law Reform  Commission Act 2000   ",1046000,1010000
264,2007-08,"DEPARTMENT OF PREMIER AND CABINET","Provision of outputs  (section 29 of the Financial Management Act 1994 applies) ",443797000,462236000
265,2007-08,"DEPARTMENT OF PREMIER AND CABINET","Additions to the net asset base",8006000,35786000
266,2007-08,"DEPARTMENT OF PRIMARY INDUSTRIES","Provision of outputs (section 29 of the Financial Management Act 1994 applies)  ",302244000,312499000
267,2007-08,"DEPARTMENT OF PRIMARY INDUSTRIES","Additions to the net asset base (section 29 of the Financial Management  Act 1994 applies)",152841000,38419000
268,2007-08,"DEPARTMENT OF PRIMARY INDUSTRIES","Payments made on behalf of the State ",36900000,27900000
269,2007-08,"DEPARTMENT OF SUSTAINABILITY AND ENVIRONMENT"," Provision of outputs (section 29 of the Financial Management Act 1994 applies) ",742410000,839524000
270,2007-08,"DEPARTMENT OF SUSTAINABILITY AND ENVIRONMENT"," Additions to the net asset base  (section 29 of the Financial Management Act 1994 applies) ",46527000,146135000
271,2007-08,"DEPARTMENT OF SUSTAINABILITY AND ENVIRONMENT","Payments made on behalf of the  State",1100000,0
272,2007-08,"DEPARTMENT OF SUSTAINABILITY AND ENVIRONMENT","Provision of outputs Victorian Water Trust (section 29 of the Financial Management Act 1994  applies) ",11279000,6110000
273,2007-08,"DEPARTMENT OF SUSTAINABILITY AND ENVIRONMENT","Additions to the net asset base Victorian Water Trust (section 29 of the Financial Management Act 1994 applies) ",29000000,28644000
274,2007-08,"DEPARTMENT OF SUSTAINABILITY AND ENVIRONMENT","Provision of outputs pursuant to section 15 of the Environment Protection Act 1970 (section 29 of the Financial Management Act 1994 applies) ",31465000,32854000
275,2007-08,"DEPARTMENT OF SUSTAINABILITY AND ENVIRONMENT"," Contribution by the State under agreements pursuant to section 25 of the Murray-Darling Basin Act 1993   ",25043000,25880000
276,2007-08,"DEPARTMENT OF TREASURY AND FINANCE","Provision of outputs (section 29 of the Financial Management Act 1994 applies)",217993000,225662000
277,2007-08,"DEPARTMENT OF TREASURY AND FINANCE","Additions to the net asset base  (section 29 of the Financial Management Act 1994 applies)",48085000,12731000
278,2007-08,"DEPARTMENT OF TREASURY AND FINANCE","Payments made on behalf of the State  ",1029811000,1031235000
279,2007-08,"DEPARTMENT OF TREASURY AND FINANCE","Advance to Treasurer",482080000,434018000
280,2007-08,"DEPARTMENT FOR VICTORIAN COMMUNITIES","Provision of outputs  (section 29 of the Financial Management Act 1994 applies)",295971000,282603000
281,2007-08,"DEPARTMENT FOR VICTORIAN COMMUNITIES","Additions to the net asset base (section 29 of the Financial Management Act 1994 applies) ",53965000,77310000
282,2007-08,"DEPARTMENT FOR VICTORIAN COMMUNITIES","Payments made on behalf of the State ",400000,400000
283,2006-07,"DEPARTMENT OF EDUCATION AND TRAINING","Provision of outputs (section 29 of the Financial Management  Act 1994 applies)",6417384000,6836695000
284,2006-07,"DEPARTMENT OF EDUCATION AND TRAINING","Additions to the net asset base  (section 29 of the Financial Management Act 1994 applies) ",105025000,100207000
285,2006-07,"DEPARTMENT OF HUMAN SERVICES","Provision of outputs  (section 29 of the Financial Management Act 1994  applies)  ",7933757000,8544577000
286,2006-07,"DEPARTMENT OF HUMAN SERVICES","Additions to the net asset base (section 29 of the Financial Management Act 1994 applies)      ",421316000,275331000
287,2006-07,"DEPARTMENT OF INFRASTRUCTURE","Provision of outputs  (section 29 of the Financial Management Act 1994 applies) ",3054627000,3305871000
288,2006-07,"DEPARTMENT OF INFRASTRUCTURE"," Additions to the net asset base ",349653000,459648000
289,2006-07,"DEPARTMENT OF INFRASTRUCTURE","Payments made on behalf of the State  ",35900000,36900000
290,2006-07," DEPARTMENT OF INNOVATION, INDUSTRY AND REGIONAL DEVELOPMENT","Provision of outputs (section 29 of the Financial Management Act 1994 applies)  ",239085000,331138000
291,2006-07," DEPARTMENT OF INNOVATION, INDUSTRY AND REGIONAL DEVELOPMENT","Additions to the net asset base ",140737000,14563000
292,2006-07," DEPARTMENT OF INNOVATION, INDUSTRY AND REGIONAL DEVELOPMENT","Payment to Regional Infrastructure Development Fund pursuant to section 4 of the Regional  Infrastructure Development",35000000,92000000
293,2006-07,"DEPARTMENT OF JUSTICE","Provision of outputs (section 29 of the Financial Management Act 1994 applies)",2371939000,2701556000
294,2006-07,"DEPARTMENT OF JUSTICE","Additions to the net asset base (section 29 of the Financial Management Act 1994 applies)",104785000,138161000
295,2006-07,"DEPARTMENT OF JUSTICE","Payments made on behalf of the State ",53300000,55681000
296,2006-07,"DEPARTMENT OF JUSTICE","Victorian Law Reform Commission - pursuant to section 17(b) of the Victorian Law Reform",1010000,1046000
297,2006-07,"DEPARTMENT OF PREMIER AND CABINET"," Provision of outputs (section 29 of the Financial Management Act 1994 applies) ",430113000,459609000
298,2006-07,"DEPARTMENT OF PREMIER AND CABINET","Additions to the net asset base",71173000,15706000
299,2006-07,"DEPARTMENT OF PRIMARY INDUSTRIES","Provision of outputs  (section 29 of the Financial Management Act 1994 applies)  ",235611000,264895000
300,2006-07,"DEPARTMENT OF PRIMARY INDUSTRIES","Additions to the net asset base ",72309000,152811000
301,2006-07,"DEPARTMENT OF SUSTAINABILITY AND ENVIRONMENT","Provision of outputs (section 29 of the Financial Management Act  1994 applies) ",676168000,742385000
302,2006-07,"DEPARTMENT OF SUSTAINABILITY AND ENVIRONMENT","Additions to the net asset base (section 29 of the Financial Management Act 1994 applies) ",41980000,46527000
303,2006-07,"DEPARTMENT OF SUSTAINABILITY AND ENVIRONMENT","Payments made on behalf of the State ",1100000,1100000
304,2006-07,"DEPARTMENT OF SUSTAINABILITY AND ENVIRONMENT","Provision of output Victorian Water Trust (section 29 of the Financial Management Act 1994 applies)",13101000,11279000
305,2006-07,"DEPARTMENT OF SUSTAINABILITY AND ENVIRONMENT","Additions to the net asset base Victorian Water Trust (section 29 of the Financial Management Act 1994 applies)    ",29500000,29000
306,2006-07,"DEPARTMENT OF SUSTAINABILITY AND ENVIRONMENT"," Provision of outputs pursuant to  section 15 of the Environment  Protection Act 1970 (section 29 of the Financial Management Act 1994 applies) ",28415000,31465000
307,2006-07,"DEPARTMENT OF SUSTAINABILITY AND ENVIRONMENT","Contribution by the State under agreements pursuant to section 25 of  the Murray-Darling Basin Act 1993",24590000,25043000
308,2006-07,"DEPARTMENT OF TREASURY AND FINANCE","Provision of outputs (section 29 of the Financial Management Act 1994 applies)  ",179223000,188842000
309,2006-07,"DEPARTMENT OF TREASURY AND FINANCE","Additions to the net asset base (section 29 of the Financial Management Act 1994 applies)   ",22960000,38220000
310,2006-07,"DEPARTMENT OF TREASURY AND FINANCE","Payments made on behalf of the State  ",1040125000,1029811000
311,2006-07,"DEPARTMENT OF TREASURY AND FINANCE","Advance to Treasurer",281203000,482080000
312,2006-07,"DEPARTMENT FOR VICTORIAN COMMUNITIES","Provision of outputs  (section 29 of the Financial Management Act 1994 applies) ",554017000,306692000
313,2006-07,"DEPARTMENT FOR VICTORIAN COMMUNITIES","Additions to the net asset base  (section 29 of the Financial Management Act 1994 applies)    ",23905000,55523000
314,2006-07,"DEPARTMENT FOR VICTORIAN COMMUNITIES","Payments made on behalf of  the State",17995000,400000
315,2005-06,"DEPARTMENT OF EDUCATION AND TRAINING","Provision of outputs (section 29 of the Financial Management Act 1994 applies) ",5995560000,6417384000
316,2005-06,"DEPARTMENT OF EDUCATION AND TRAINING","Additions to the net asset base (section 29 of the Financial Management Act 1994 applies)  ",0,105025000
317,2005-06,"DEPARTMENT OF HUMAN SERVICES"," Provision of outputs (section 29 of the Financial Management Act 1994 applies) ",7432536000,7933757000
318,2005-06,"DEPARTMENT OF HUMAN SERVICES","Additions to the net asset base (section 29 of the Financial Management Act 1994 applies)  ",282032000,421316000
319,2005-06,"DEPARTMENT OF HUMAN SERVICES","Cemeteries--Grants towards maintenance and improvement pursuant to the Cemeteries Act 1958",30000,0
320,2005-06,"DEPARTMENT OF INFRASTRUCTURE","Provision of outputs (section 29 of the  Financial Management Act 1994 applies) ",2713528000,3054627000
321,2005-06,"DEPARTMENT OF INFRASTRUCTURE","Additions to the net asset base ",303497000,349653000
322,2005-06,"DEPARTMENT OF INFRASTRUCTURE","Payments made on behalf of the State",0,35900000
323,2005-06,"DEPARTMENT OF INNOVATION, INDUSTRY AND REGIONAL DEVELOPMENT","Provision of outputs  (section 29 of the Financial Management Act 1994 applies)",249733000,239085000
324,2005-06,"DEPARTMENT OF INNOVATION, INDUSTRY AND REGIONAL DEVELOPMENT","Additions to the net asset base ",90534000,140737000
325,2005-06,"DEPARTMENT OF INNOVATION, INDUSTRY AND REGIONAL DEVELOPMENT"," Payment to Regional Infrastructure Development  Fund pursuant to section 4 of the Regional Infrastructure Development",25000000,35000000
326,2005-06,"DEPARTMENT OF JUSTICE","Provision of outputs (section 29 of the Financial Management Act 1994 applies)",2176705000,2371939000
327,2005-06,"DEPARTMENT OF JUSTICE","Additions to the net asset base (section 29 of the Financial Management Act 1994 applies) ",263780000,104785000
328,2005-06,"DEPARTMENT OF JUSTICE","Payments made on behalf of the State  ",54000000,53300000
329,2005-06,"DEPARTMENT OF JUSTICE","Victorian Law Reform Commission - pursuant to section 17(b) of the Victorian Law Reform Commission Act 2000",949000,1010000
330,2005-06,"DEPARTMENT OF PREMIER AND CABINET","Provision of outputs  (section 29 of the Financial Management Act 1994 applies)",382227000,430113000
331,2005-06,"DEPARTMENT OF PREMIER AND CABINET","Additions to the net asset base ",37427000,71173000
332,2005-06,"DEPARTMENT OF PRIMARY INDUSTRIES"," Provision of outputs (section 29 of the Financial Management Act 1994 applies)",233055000,235611000
333,2005-06,"DEPARTMENT OF PRIMARY INDUSTRIES","Additions to the net asset base ",13337000,72309000
334,2005-06,"DEPARTMENT OF SUSTAINABILITY AND ENVIRONMENT","Provision of outputs (section 29 of the Financial Management Act 1994 applies)  ",641454000,676168000
335,2005-06,"DEPARTMENT OF SUSTAINABILITY AND ENVIRONMENT","Additions to the net asset base (section 29 of the Financial  Management Act 1994 applies)",13835000,41980000
336,2005-06,"DEPARTMENT OF SUSTAINABILITY AND ENVIRONMENT","Payments made on behalf of the State",1100000,1100000
337,2005-06,"DEPARTMENT OF SUSTAINABILITY AND ENVIRONMENT","Provision of outputs Victorian Water Trust (section 29 of the Financial Management Act 1994 applies) ",9714000,13101000
338,2005-06,"DEPARTMENT OF SUSTAINABILITY AND ENVIRONMENT","Additions to the net asset base Victorian Water Trust ",15000000,29500000
339,2005-06,"DEPARTMENT OF SUSTAINABILITY AND ENVIRONMENT","Provision of outputs pursuant to section 15 of the Environment Protection Act 1970 (section 29 of the Financial Management Act 1994 applies)  ",27573000,28415000
340,2005-06,"DEPARTMENT OF SUSTAINABILITY AND ENVIRONMENT","Environment Protection Act 1970 Contribution by the State under agreements pursuant to section 25 of the Murray-Darling Basin Act 1993",25820000,24590000
341,2005-06,"DEPARTMENT OF TREASURY AND FINANCE","Provision of outputs (section 29 of the Financial Management Act 1994 applies)",180259000,179223000
342,2005-06,"DEPARTMENT OF TREASURY AND FINANCE"," Additions to the net asset base ",39795000,22960000
343,2005-06,"DEPARTMENT OF TREASURY AND FINANCE","Payments made on behalf of the State   ",1187439000,1040125000
344,2005-06,"DEPARTMENT OF TREASURY AND FINANCE","Advance to Treasurer",474228000,281203000
345,2005-06,"DEPARTMENT FOR VICTORIAN COMMUNITIES","Provision of outputs (section 29 of the Financial Management Act 1994 applies)  ",412424000,554017000
346,2005-06,"DEPARTMENT FOR VICTORIAN COMMUNITIES","Additions to the net asset base  ",51323000,23905000
347,2005-06,"DEPARTMENT FOR VICTORIAN COMMUNITIES","Payments made on behalf of the State",17824000,17995000
348,2004-05,"DEPARTMENT OF EDUCATION AND TRAININGDEPARTMENT OF EDUCATION AND TRAINING","Provision of outputs (section 29 of the Financial Management Act 1994 applies) ",5631805000,5995560000
349,2004-05,"DEPARTMENT OF HUMAN SERVICES"," Provision of outputs (section 29 of the Financial Management Act 1994 applies)  ",6384941000,7432536000
350,2004-05,"DEPARTMENT OF HUMAN SERVICES"," Additions to the net asset base (section 29 of the Financial Management Act 1994  applies) ",106535000,282032000
351,2004-05,"DEPARTMENT OF HUMAN SERVICES"," Cemeteries Grants towards maintenance and improvement pursuant to the Cemeteries Act 1958",30000,30000
352,2004-05,"DEPARTMENT OF INFRASTRUCTURE"," Provision of outputs (section 29 of the Financial Management Act 1994 applies)",2241724000,2713528000
353,2004-05,"DEPARTMENT OF INFRASTRUCTURE","Additions to the net asset  base (section 29 of the Financial Management Act 1994 applies)",537270000,303497000
354,2004-05,"DEPARTMENT OF INFRASTRUCTURE","Payments made on behalf of the State ",49003000,0
355,2004-05,"DEPARTMENT OF INNOVATION, INDUSTRY AND REGIONAL DEVELOPMENT","Provision of outputs (section 29 of the Financial Management Act 1994 applies) ",262700000,249733000
356,2004-05,"DEPARTMENT OF INNOVATION, INDUSTRY AND REGIONAL DEVELOPMENT","Additions to the net asset base",50947000,90534000
357,2004-05,"DEPARTMENT OF INNOVATION, INDUSTRY AND REGIONAL DEVELOPMENT","Payment to Regional  Infrastructure Development Fund pursuant to section 4 of the Regional Infrastructure Development Fund Act 1999",20000000,25000000
358,2004-05,"DEPARTMENT OF JUSTICE","Provision of outputs (section 29 of the Financial Management Act 1994 applies) ",1937360000,2176705000
359,2004-05,"DEPARTMENT OF JUSTICE"," Additions to the net asset base (section 29 of the Financial Management Act 1994 applies)",111092000,263780000
360,2004-05,"DEPARTMENT OF JUSTICE","Payments made on behalf of the State ",50045000,54000000
361,2004-05,"DEPARTMENT OF JUSTICE"," Victorian Law Reform Commission - pursuant to section 17(b) of the Victorian Law Reform Commission Act 2000",962000,949000
362,2004-05," DEPARTMENT OF PREMIER AND CABINET","Provision of outputs (section 29 of the Financial Management Act 1994 applies) ",346902000,382227000
363,2004-05," DEPARTMENT OF PREMIER AND CABINET","Additions to the net asset base ",33119000,37427000
364,2004-05," DEPARTMENT OF PREMIER AND CABINET","Payments made on behalf of the State ",19736000,0
365,2004-05,"DEPARTMENT OF PRIMARY INDUSTRIES","Provision of outputs (section 29 of the Financial  Management Act 1994 applies) ",212119000,233055000
366,2004-05,"DEPARTMENT OF PRIMARY INDUSTRIES","Additions to the net asset base ",61665000,13337000
367,2004-05,"DEPARTMENT OF SUSTAINABILITY AND ENVIRONMENT","Provision of outputs (section 29 of the Financial Management Act 1994 applies)",645225000,641454000
368,2004-05,"DEPARTMENT OF SUSTAINABILITY AND ENVIRONMENT","Additions to the net asset base",45435000,13835000
369,2004-05,"DEPARTMENT OF SUSTAINABILITY AND ENVIRONMENT","Payments made on behalf of the State",1200000,1100000
370,2004-05,"DEPARTMENT OF SUSTAINABILITY AND ENVIRONMENT","Provision of outputs Victorian  Water Trust (section 29 of the Financial Management Act 1994  applies)  ",7500000,9714000
371,2004-05,"DEPARTMENT OF SUSTAINABILITY AND ENVIRONMENT","Additions to the net asset base Victorian Water Trust (section 29 of the Financial Management Act 1994 applies)",7500000,15000000
372,2004-05,"DEPARTMENT OF SUSTAINABILITY AND ENVIRONMENT","Provision of outputs pursuant to section 15 of the Environment Protection Act 1970 (section 29 of the Financial Management Act 1994 applies) ",26259000,27573000
373,2004-05,"DEPARTMENT OF SUSTAINABILITY AND ENVIRONMENT","Environment Protection Act 1970 Contribution by the State under agreements pursuant to section 25 of the Murray-Darling Basin Act  1993",21800000,25820000
374,2004-05,"DEPARTMENT OF TREASURY AND FINANCE","Provision of outputs (section 29 of the Financial Management Act 1994 applies) ",173447000,180259000
375,2004-05,"DEPARTMENT OF TREASURY AND FINANCE","Additions to the net asset base (section 29 of the Financial Management Act 1994 applies) ",1960000,39795000
376,2004-05,"DEPARTMENT OF TREASURY AND FINANCE","Payments made on behalf of the State ",834689000,1187439000
377,2004-05,"DEPARTMENT OF TREASURY AND FINANCE","Advance to Treasurer",632000000,474228000
378,2004-05,"DEPARTMENT FOR VICTORIAN COMMUNITIES","Provision of outputs  (section 29 of the Financial Management Act 1994 applies)  ",292105000,412424000
379,2004-05,"DEPARTMENT FOR VICTORIAN COMMUNITIES","Additions to the net asset base",35995000,51323000
380,2004-05,"DEPARTMENT FOR VICTORIAN COMMUNITIES","Payments made on behalf of the State",17200000,17824000
381,2003-04,"DEPARTMENT OF EDUCATION AND TRAINING","Provision of outputs (section 29  of the Financial Management Act 1994 applies) ",5322157000,5631805000
382,2003-04,"DEPARTMENT OF HUMAN SERVICES"," Provision of outputs  (section 29 of the Financial Management Act 1994 applies) ",5931055000,6384941000
383,2003-04,"DEPARTMENT OF HUMAN SERVICES","Additions to the net asset base  (section 29 of the Financial Management Act 1994 applies)",142818000,106535000
384,2003-04,"DEPARTMENT OF HUMAN SERVICES","Cemeteries Grants towards maintenance and improvement pursuant to the Cemeteries Act 1958",29000,30000
385,2003-04,"DEPARTMENT OF INFRASTRUCTURE","Provision of outputs  (section 29 of the Financial Management Act 1994 applies) ",2276491000,2241724000
386,2003-04,"DEPARTMENT OF INFRASTRUCTURE"," Additions to the net asset base (section 29 of the Financial Management Act 1994 applies) ",299883000,537270000
387,2003-04,"DEPARTMENT OF INFRASTRUCTURE","Payments made on behalf of the State ",16720000,49003000
388,2003-04,"DEPARTMENT OF INNOVATION, INDUSTRY AND REGIONAL DEVELOPMENT","Provision of outputs (section 29 of the Financial Management Act 1994 applies)",298517000,262700000
389,2003-04,"DEPARTMENT OF INNOVATION, INDUSTRY AND REGIONAL DEVELOPMENT","Additions to the net asset base",52320000,50947000
390,2003-04,"DEPARTMENT OF INNOVATION, INDUSTRY AND REGIONAL DEVELOPMENT","Payment to Regional Infrastructure Development Fund pursuant to section 4 of the Regional Infrastructure Development Fund Act 1999",72920000,20000000
391,2003-04,"DEPARTMENT OF JUSTICE","Provision of outputs (section 29 of the Financial Management Act 1994  applies)   ",1818897000,1937360000
392,2003-04,"DEPARTMENT OF JUSTICE","Additions to the net asset base (section 29 of the  Financial Management Act 1994 applies) ",141609000,111092000
393,2003-04,"DEPARTMENT OF JUSTICE","Payments made on behalf of the State ",0,50045000
394,2003-04,"DEPARTMENT OF JUSTICE"," Victorian Law Reform  Commission - pursuant to section 17(b) of the Victorian Law Reform Commission Act 2000",918000,962000
395,2003-04,"DEPARTMENT OF PREMIER AND CABINET","Provision of outputs  (section 29 of the Financial  Management Act 1994 applies)",332268000,346902000
396,2003-04,"DEPARTMENT OF PREMIER AND CABINET","Additions to the net asset base",75827000,33119000
397,2003-04,"DEPARTMENT OF PREMIER AND CABINET","Payments made on behalf of the State ",0,19736000
398,2003-04,"DEPARTMENT OF PRIMARY INDUSTRIES","Provision of outputs  (section 29 of the Financial Management Act 1994 applies)",0,212119000
399,2003-04,"DEPARTMENT OF PRIMARY INDUSTRIES","Additions to the net asset base ",0,61665000
400,2003-04,"DEPARTMENT OF SUSTAINABILITY AND ENVIRONMENT","Provision of outputs (section 29 of the Financial Management Act 1994 applies)",835099000,645225000
401,2003-04,"DEPARTMENT OF SUSTAINABILITY AND ENVIRONMENT","Additions to the net asset base",68554000,45435000
402,2003-04,"DEPARTMENT OF SUSTAINABILITY AND ENVIRONMENT","Payments made on behalf of the  State",1300000,1200000
403,2003-04,"DEPARTMENT OF SUSTAINABILITY AND ENVIRONMENT","Provision of outputs Victorian Water Trust (section 29 of the Financial Management Act 1994 applies)",0,7500000
404,2003-04,"DEPARTMENT OF SUSTAINABILITY AND ENVIRONMENT","Additions to the net asset base Victorian Water Trust (section 29 of the Financial Management Act 1994 applies) ",0,7500000
405,2003-04,"DEPARTMENT OF SUSTAINABILITY AND ENVIRONMENT","Provision of outputs pursuant to section 15 of the Environment  Protection Act 1970 (section 29 of the Financial Management Act 1994 applies) ",37544000,26259000
406,2003-04,"DEPARTMENT OF SUSTAINABILITY AND ENVIRONMENT","Environment Protection Act 1970 Contribution by the State under agreements pursuant to section 25 of the Murray-Darling Basin Act 1993",21500000,21800000
407,2003-04,"DEPARTMENT OF TREASURY AND FINANCE","Provision of outputs (section 29 of the Financial Management Act 1994 applies)",186455000,173447000
408,2003-04,"DEPARTMENT OF TREASURY AND FINANCE"," Additions to the net asset base (section 29 of the Financial Management Act 1994 applies)   ",2900000,1960000
409,2003-04,"DEPARTMENT OF TREASURY AND FINANCE","Payments made on behalf of the State  ",909337000,834689000
410,2003-04,"DEPARTMENT OF TREASURY AND FINANCE","Advance to Treasurer",622493000,632000000
411,2003-04,"DEPARTMENT FOR VICTORIAN COMMUNITIES","Provision of outputs  (section 29 of the Financial Management Act 1994 applies) ",95902000,292105000
412,2003-04,"DEPARTMENT FOR VICTORIAN COMMUNITIES","Additions to the net asset base",8250000,35995000
413,2003-04,"DEPARTMENT FOR VICTORIAN COMMUNITIES","Payments made on behalf of  the State ",4400000,17200000
414,2002-03,"DEPARTMENT OF EDUCATION AND TRAINING","Provision of outputs (section 29 of the Financial Management  Act 1994 applies)  ",5183788000,5322157000
415,2002-03,"DEPARTMENT OF HUMAN SERVICES","Provision of outputs (section 29 of the Financial  Management Act 1994  applies)",5405177000,5931055000
416,2002-03,"DEPARTMENT OF HUMAN SERVICES","Additions to the net asset base (section 29 of the Financial Management Act 1994 applies) ",61337000,142818000
417,2002-03,"DEPARTMENT OF HUMAN SERVICES","Cemeteries Grants towards maintenance and improvement pursuant to the Cemeteries Act 1958",29000,29000
418,2002-03,"DEPARTMENT OF INFRASTRUCTURE"," Provision of outputs (section 29 of the Financial Management Act 1994 applies) ",2101532000,2276491000
419,2002-03,"DEPARTMENT OF INFRASTRUCTURE","Additions to the net asset base ",208701000,299883000
420,2002-03,"DEPARTMENT OF INFRASTRUCTURE","Payments made on behalf the State",11383000,16720000
421,2002-03,"DEPARTMENT OF INNOVATION, INDUSTRY AND  REGIONAL DEVELOPMENT                                             ","Provision of outputs (section 29 of the Financial Management Act 1994  applies)",300408000,298517000
422,2002-03,"DEPARTMENT OF INNOVATION, INDUSTRY AND  REGIONAL DEVELOPMENT                                             ","Additions to the net asset base",4150000,52320000
423,2002-03,"DEPARTMENT OF INNOVATION, INDUSTRY AND  REGIONAL DEVELOPMENT                                             ","Payments made on behalf of  the State",4400000,0
424,2002-03,"DEPARTMENT OF INNOVATION, INDUSTRY AND  REGIONAL DEVELOPMENT                                             ","Payment to Regional Infrastructure Development Fund pursuant to section 4 of the Regional  Infrastructure Development Fund Act 1999",53390000,72920000
425,2002-03,"DEPARTMENT OF JUSTICE","Provision of outputs (section 29 of the Financial Management Act 1994 applies)  ",1590749,1818897000
426,2002-03,"DEPARTMENT OF JUSTICE"," Additions to the net asset base (section 29 of the Financial Management  Act 1994 applies) ",125654000,141609000
427,2002-03,"DEPARTMENT OF JUSTICE","Victorian Law Reform Commission - pursuant to section 17(b) of the Victorian Law Reform  Commission Act 2000",0,918000
428,2002-03," DEPARTMENT OF NATURAL RESOURCES AND ENVIRONMENT","Provision of outputs (section 29 of the Financial Management Act 1994 applies)",724909000,835099000
429,2002-03," DEPARTMENT OF NATURAL RESOURCES AND ENVIRONMENT"," Additions to the net asset base  ",39457000,68554000
430,2002-03," DEPARTMENT OF NATURAL RESOURCES AND ENVIRONMENT","Payments made on behalf of the State",1954000,1300000
431,2002-03," DEPARTMENT OF NATURAL RESOURCES AND ENVIRONMENT","Provision of outputs pursuant to  section 15 of the Environment Protection Act 1970 (section 29 of  the Financial Management Act 1994 applies) ",33794000,37544000
432,2002-03," DEPARTMENT OF NATURAL RESOURCES AND ENVIRONMENT"," Environment Protection Act 1970 Contribution by the State under agreements pursuant to section 25 of the Murray-Darling Basin Act 1993",17234000,21500000
433,2002-03," DEPARTMENT OF PREMIER AND CABINET","Provision of outputs (section 29 of the Financial Management Act 1994  applies)  ",318131000,332268000
434,2002-03," DEPARTMENT OF PREMIER AND CABINET","Additions to the net asset base",83981000,75827000
435,2002-03,"DEPARTMENT OF TOURISM, SPORT AND THE  COMMONWEALTH GAMES                                            ","Provision of outputs (section 29 of the Financial Management Act 1994 applies) ",0,95902000
436,2002-03,"DEPARTMENT OF TOURISM, SPORT AND THE  COMMONWEALTH GAMES                                            "," Additions to the net asset base",0,8250000
437,2002-03,"DEPARTMENT OF TOURISM, SPORT AND THE  COMMONWEALTH GAMES                                            ","Payments made on behalf of the State ",0,4400000
438,2002-03,"DEPARTMENT OF TREASURY AND FINANCE","Provision of outputs (section 29 of the Financial Management Act 1994 applies)",196818000,186455000
439,2002-03,"DEPARTMENT OF TREASURY AND FINANCE","Additions to the net asset base (section 29 of the Financial Management Act 1994 applies)  ",90839000,2900000
440,2002-03,"DEPARTMENT OF TREASURY AND FINANCE","Payments made on behalf of the  State",1001953000,909337000
441,2002-03,"DEPARTMENT OF TREASURY AND FINANCE","Advance to Treasurer",469634000,622493000
442,2001-02,"DEPARTMENT OF EDUCATION, EMPLOYMENT AND TRAINING","Provision of outputs (section 29 of the Financial Management Act 1994 applies)",4960439000,5183788000
443,2001-02,"DEPARTMENT OF EDUCATION, EMPLOYMENT AND TRAINING","Additions to the net asset base (section 29 of the Financial Management Act 1994 applies)",11446000,0
444,2001-02,"DEPARTMENT OF HUMAN SERVICES","Provision of outputs (section 29 of the Financial Management Act 1994 applies)",4930771000,5405177000
445,2001-02,"DEPARTMENT OF HUMAN SERVICES","Additions to the net asset base (section 29 of the Financial Management Act 1994 applies)",40374000,61337000
446,2001-02,"DEPARTMENT OF HUMAN SERVICES"," Cemeteries--Grants towards maintenance and improvement pursuant to the Cemeteries Act 1958",28000,29000
447,2001-02,"DEPARTMENT OF INFRASTRUCTURE","Provision of outputs (section 29 of the Financial Management Act 1994 applies)",2020796000,2101532000
448,2001-02,"DEPARTMENT OF INFRASTRUCTURE","Additions to the net asset base",124343000,208701000
449,2001-02,"DEPARTMENT OF INFRASTRUCTURE","Payments made on behalf of the State ",11176000,11383000
450,2001-02,"DEPARTMENT OF JUSTICE","Provision of outputs (section 29 of the Financial  Management Act 1994 applies)",1485243000,1590749000
451,2001-02,"DEPARTMENT OF JUSTICE","Additions to the net asset base (section 29 of the Financial Management Act 1994 applies)",52417000,125654000
452,2001-02,"DEPARTMENT OF NATURAL RESOURCES AND ENVIRONMENT"," Provision of outputs (section 29 of the Financial Management Act 1994 applies)",671502000,724909000
453,2001-02,"DEPARTMENT OF NATURAL RESOURCES AND ENVIRONMENT","Additions to the net asset base  ",21786000,39457000
454,2001-02,"DEPARTMENT OF NATURAL RESOURCES AND ENVIRONMENT","Payments made on behalf of the  State",10665000,1954000
455,2001-02,"DEPARTMENT OF NATURAL RESOURCES AND ENVIRONMENT","Provision of outputs pursuant to section 15 of the Environment Protection Act 1970 (section 29 of the Financial Management Act  1994 applies)",25170000,33794000
456,2001-02,"DEPARTMENT OF NATURAL RESOURCES AND ENVIRONMENT","Additions to the net asset base pursuant to section 15 of the Environment Protection Act 1970",62000,0
457,2001-02,"DEPARTMENT OF NATURAL RESOURCES AND ENVIRONMENT","Contribution by the State under agreements pursuant to section 25 of the Murray-Darling Basin Act  1993                               ",17462000,17234000
458,2001-02,"DEPARTMENT OF PREMIER AND CABINET","Provision of outputs (section 29 of the Financial Management Act 1994 applies)",297609000,318131000
459,2001-02,"DEPARTMENT OF PREMIER AND CABINET","Additions to the net asset base",109265000,83981000
460,2001-02,"DEPARTMENT OF STATE AND REGIONAL DEVELOPMENT","Provision of outputs (section 29 of the Financial Management Act 1994  applies)",262923000,300408000
461,2001-02,"DEPARTMENT OF STATE AND REGIONAL DEVELOPMENT","Additions to the net asset base           ",0,4150000
462,2001-02,"DEPARTMENT OF STATE AND REGIONAL DEVELOPMENT"," Payments made on behalf of  the State",400000,4400000
463,2001-02,"DEPARTMENT OF STATE AND REGIONAL DEVELOPMENT"," Payment to Regional  Infrastructure Development Fund pursuant to section 4 of the Regional Infrastructure Development Fund Act 1999",54370000,53390000
464,2001-02,"DEPARTMENT OF TREASURY AND FINANCE","Provision of outputs (section 29 of the Financial Management Act 1994 applies)",190934000,196818000
465,2001-02,"DEPARTMENT OF TREASURY AND FINANCE","Additions to the net asset base",30932000,90839000
466,2001-02,"DEPARTMENT OF TREASURY AND FINANCE","Payments made on behalf of the  State ",1199182000,1001953000
467,2001-02,"DEPARTMENT OF TREASURY AND FINANCE"," Advance to Treasurer",436246000,469634000
468,2000-01,"DEPARTMENT OF EDUCATION, EMPLOYMENT AND TRAINING","Provision of outputs (section 29 of the Financial Management Act 1994 applies)",4627076000,4960439000
469,2000-01,"DEPARTMENT OF EDUCATION, EMPLOYMENT AND TRAINING","Additions to the net asset base  (section 29 of the Financial Management Act 1994 applies)",20011000,11446000
470,2000-01,"DEPARTMENT OF HUMAN SERVICES","Provision of outputs (section 29 of the Financial Management Act 1994 applies)",4243685000,4930771000
471,2000-01,"DEPARTMENT OF HUMAN SERVICES","Additions to the net asset base (section 29 of the Financial Management Act 1994 applies)",71951000,40374000
472,2000-01,"DEPARTMENT OF HUMAN SERVICES","Cemeteries Grants towards maintenance and improvement pursuant to the  Cemeteries Act 1958",28000,28000
473,2000-01,"DEPARTMENT OF INFRASTRUCTURE","Provision of outputs (section 29 of the Financial Management Act 1994 applies)",2001250000,2020796000
474,2000-01,"DEPARTMENT OF INFRASTRUCTURE"," Additions to the net asset base    ",79564000,124343000
475,2000-01,"DEPARTMENT OF INFRASTRUCTURE","Payments made on behalf of the State",6181000,11176000
476,2000-01,"DEPARTMENT OF JUSTICE"," Provision of outputs (section 29 of the Financial Management Act 1994 applies)",1532622000,1485243000
477,2000-01,"DEPARTMENT OF JUSTICE","Additions to the net asset base (section 29 of the Financial Management Act 1994 applies)",24685000,52417000
478,2000-01,"DEPARTMENT OF NATURAL RESOURCES AND ENVIRONMENT","Provision of outputs (section 29 of the Financial Management Act 1994 applies)",621816000,671502000
479,2000-01,"DEPARTMENT OF NATURAL RESOURCES AND ENVIRONMENT","Additions to the net asset base (section 29 of the Financial Management Act 1994 applies)",20481000,21786000
480,2000-01,"DEPARTMENT OF NATURAL RESOURCES AND ENVIRONMENT","Payments made on behalf of the State",17676000,10665000
481,2000-01,"DEPARTMENT OF NATURAL RESOURCES AND ENVIRONMENT","Provision of outputs pursuant to section 15 of the Environment Protection Act 1970 (section 29 of the Financial Management Act 1994 applies)",24103000,25170000
482,2000-01,"DEPARTMENT OF NATURAL RESOURCES AND ENVIRONMENT","Additions to the net asset base pursuant to section 15 of the Environment Protection Act 1970",0,62000
483,2000-01,"DEPARTMENT OF NATURAL RESOURCES AND ENVIRONMENT","Contribution by the State under agreements pursuant to section 25 of the Murray-Darling Basin Act 1993",15282000,17462000
484,2000-01,"DEPARTMENT OF PREMIER AND CABINET"," Provision of outputs (section 29 of the Financial Management Act 1994 applies)",256039000,297609000
485,2000-01,"DEPARTMENT OF PREMIER AND CABINET","Additions to the net asset base ",90953000,109265000
486,2000-01,"DEPARTMENT OF STATE AND REGIONAL DEVELOPMENT","Provision of outputs (section 29 of the Financial Management Act 1994 applies)",230915000,262923000
487,2000-01,"DEPARTMENT OF STATE AND REGIONAL DEVELOPMENT","Payments made on behalf of the State ",0,400000
488,2000-01,"DEPARTMENT OF STATE AND REGIONAL DEVELOPMENT","Payment to Regional Infrastructure Development Fund pursuant to section 4 of the Regional Infrastructure Development Fund Act 1999",0,54370000
489,2000-01,"DEPARTMENT OF TREASURY AND FINANCE","Provision of outputs (section 29 of the Financial Management Act 1994 applies)",275529000,190934000
490,2000-01,"DEPARTMENT OF TREASURY AND FINANCE","Additions to the net asset base (section 29 of the Financial Management Act 1994  applies)",12858000,30932000
491,2000-01,"DEPARTMENT OF TREASURY AND FINANCE","Payments made on behalf of the State ",949711000,1199182000
492,2000-01,"DEPARTMENT OF TREASURY AND FINANCE"," Advance to Treasurer",371900000,436246000
